{
  "bus": [
    0.19215686274509805,
    0.5098039215686274,
    0.7411764705882353
  ],
  "traffic light": [
    0.4196078431372549,
    0.6823529411764706,
    0.8392156862745098
  ],
  "traffic sign": [
    0.6196078431372549,
    0.792156862745098,
    0.8823529411764706
  ],
  "person": [
    0.7764705882352941,
    0.8588235294117647,
    0.9372549019607843
  ],
  "bike": [
    0.9019607843137255,
    0.3333333333333333,
    0.050980392156862744
  ],
  "truck": [
    0.9921568627450981,
    0.5529411764705883,
    0.23529411764705882
  ],
  "motor": [
    0.9921568627450981,
    0.6823529411764706,
    0.4196078431372549
  ],
  "car": [
    0.9921568627450981,
    0.8156862745098039,
    0.6352941176470588
  ],
  "train": [
    0.19215686274509805,
    0.6392156862745098,
    0.32941176470588235
  ],
  "rider": [
    0.4549019607843137,
    0.7686274509803922,
    0.4627450980392157
  ]
}